[{
  "_id": {
    "$oid": "630ddb982f9387cbc1d59341"
  },
  "ChefName": "Asaf Granit",
  "ImageURL": "./Assets/images/shefImage/AsafGranit.svg",
  "TheShefDescription": "Asaf Granit has been living and breathing his culinary dreams for more than two decades, including running the kitchen in his first restaurant, the fondly-remembered Violet, located in Moshav  Udim. Shitrit's creativity and culinary  acumen born of long experience  are expressed in the every detail of each and every dish.",
  "IsChefOfTheWeek": false,
  "IsNew": false,
  "NumberOfView": 200,
  "createdAt": {
    "$date": {
      "$numberLong": "1661852568898"
    }
  },
  "updatedAt": {
    "$date": {
      "$numberLong": "1661852568898"
    }
  },
  "__v": 0
},{
  "_id": {
    "$oid": "630ddc142f9387cbc1d59343"
  },
  "ChefName": "Aviv Moshe",
  "ImageURL": "./Assets/images/shefImage/AvivMoshe.svg",
  "TheShefDescription": "Aviv Moshe has been living and breathing his culinary dreams for more than two decades, including running the kitchen in his first restaurant, the fondly-remembered Violet, located in Moshav  Udim. Shitrit's creativity and culinary  acumen born of long experience  are expressed in the every detail of each and every dish.",
  "IsChefOfTheWeek": false,
  "IsNew": true,
  "NumberOfView": 120,
  "createdAt": {
    "$date": {
      "$numberLong": "1661852692926"
    }
  },
  "updatedAt": {
    "$date": {
      "$numberLong": "1661852692926"
    }
  },
  "__v": 0
},{
  "_id": {
    "$oid": "630ddc612f9387cbc1d59345"
  },
  "ChefName": "Eyal Shani",
  "ImageURL": "./Assets/images/shefImage/EyalShani.svg",
  "TheShefDescription": "Eyal Shani has been living and breathing his culinary dreams for more than two decades, including running the kitchen in his first restaurant, the fondly-remembered Violet, located in Moshav  Udim. Shitrit's creativity and culinary  acumen born of long experience  are expressed in the every detail of each and every dish.",
  "IsChefOfTheWeek": false,
  "IsNew": false,
  "NumberOfView": 100,
  "createdAt": {
    "$date": {
      "$numberLong": "1661852769524"
    }
  },
  "updatedAt": {
    "$date": {
      "$numberLong": "1661852769524"
    }
  },
  "__v": 0
},{
  "_id": {
    "$oid": "630ddc9c2f9387cbc1d59347"
  },
  "ChefName": "Meir Adoni",
  "ImageURL": "./Assets/images/shefImage/MeirAdoni.svg",
  "TheShefDescription": "Meir Adoni has been living and breathing his culinary dreams for more than two decades, including running the kitchen in his first restaurant, the fondly-remembered Violet, located in Moshav  Udim. Shitrit's creativity and culinary  acumen born of long experience  are expressed in the every detail of each and every dish.",
  "IsChefOfTheWeek": false,
  "IsNew": true,
  "NumberOfView": 150,
  "createdAt": {
    "$date": {
      "$numberLong": "1661852828974"
    }
  },
  "updatedAt": {
    "$date": {
      "$numberLong": "1661852828974"
    }
  },
  "__v": 0
},{
  "_id": {
    "$oid": "630ddcd42f9387cbc1d59349"
  },
  "ChefName": "Omer Miller",
  "ImageURL": "./Assets/images/shefImage/omerMiller.svg",
  "TheShefDescription": "Omer Miller has been living and breathing his culinary dreams for more than two decades, including running the kitchen in his first restaurant, the fondly-remembered Violet, located in Moshav  Udim. Shitrit's creativity and culinary  acumen born of long experience  are expressed in the every detail of each and every dish.",
  "IsChefOfTheWeek": false,
  "IsNew": true,
  "NumberOfView": 90,
  "createdAt": {
    "$date": {
      "$numberLong": "1661852884875"
    }
  },
  "updatedAt": {
    "$date": {
      "$numberLong": "1661852884875"
    }
  },
  "__v": 0
},{
  "_id": {
    "$oid": "630ddedcbba55f32139f0db1"
  },
  "ChefName": "Yossi Shitrit",
  "ImageURL": "./Assets/images/shefImage/YossiShitrit.svg",
  "TheShefDescription": "Yossi has been living and breathing his culinary dreams for more than two decades, including running the kitchen in his first restaurant, the fondly-remembered Violet, located in Moshav  Udim. Shitrit's creativity and culinary  acumen born of long experience  are expressed in the every detail of each and every dish.",
  "IsChefOfTheWeek": true,
  "IsNew": true,
  "NumberOfView": 500,
  "createdAt": {
    "$date": {
      "$numberLong": "1661853404054"
    }
  },
  "updatedAt": {
    "$date": {
      "$numberLong": "1661853404054"
    }
  },
  "__v": 0
}]