[{
  "_id": {
    "$oid": "630de77bd7f0ed6956addfa9"
  },
  "Name": "Pad Ki Mao",
  "DisheUrlImage": "./Assets/images/dishes/Padkimao.svg",
  "type": "Vegitarian",
  "DishDescription": "Shrimps, Glass Noodles, Kemiri Nuts, Shallots,Lemon Grass, MagicChili Brown Coconut",
  "TimeToEat": [
    "breakfast",
    "dinner"
  ],
  "RestaurantName": "Claro",
  "typeIcon": "./Assets/images/spicyIconBG.svg",
  "IsSignatureDish": true,
  "Price": 53,
  "createdAt": {
    "$date": {
      "$numberLong": "1661855611596"
    }
  },
  "updatedAt": {
    "$date": {
      "$numberLong": "1661855611596"
    }
  },
  "__v": 0
},{
  "_id": {
    "$oid": "630de8e8d7f0ed6956addfab"
  },
  "Name": "fastfood",
  "DisheUrlImage": "./Assets/images/dishes/fastfood.svg",
  "type": "Spicy",
  "DishDescription": "Shrimps, Glass Noodles, Kemiri Nuts, Shallots,Lemon Grass, MagicChili Brown Coconut",
  "TimeToEat": [
    "dinner"
  ],
  "RestaurantName": "Kab Kem",
  "typeIcon": "./Assets/images/spicyIconBG.svg",
  "IsSignatureDish": true,
  "Price": 90,
  "createdAt": {
    "$date": {
      "$numberLong": "1661855976531"
    }
  },
  "updatedAt": {
    "$date": {
      "$numberLong": "1661855976531"
    }
  },
  "__v": 0
},{
  "_id": {
    "$oid": "630de9f3d7f0ed6956addfad"
  },
  "Name": "greenfood",
  "DisheUrlImage": "./Assets/images/dishes/greenfood.svg",
  "type": "Vegitarian",
  "DishDescription": "Basil dough, cashew (butter), demi-glace, bison & radish",
  "TimeToEat": [
    "breakfast",
    "lanch",
    "dinner"
  ],
  "RestaurantName": "Messa",
  "typeIcon": "./Assets/images/spicyIconBG.svg",
  "IsSignatureDish": true,
  "Price": 30,
  "createdAt": {
    "$date": {
      "$numberLong": "1661856243128"
    }
  },
  "updatedAt": {
    "$date": {
      "$numberLong": "1661856243128"
    }
  },
  "__v": 0
},{
  "_id": {
    "$oid": "63211d90ebdb6a2530d60833"
  },
  "Name": "hot food",
  "DisheUrlImage": "Assets/images/dishes/hotfood.svg",
  "type": "Vegitarian",
  "DishDescription": "Basil dough, cashew (butter), demi-glace, bison & radish",
  "TimeToEat": [
    "breakfast",
    "lanch",
    "dinner"
  ],
  "RestaurantName": "Lumia",
  "typeIcon": "./Assets/images/spicyIconBG.svg",
  "IsSignatureDish": false,
  "Price": 30,
  "createdAt": {
    "$date": {
      "$numberLong": "1663114640437"
    }
  },
  "updatedAt": {
    "$date": {
      "$numberLong": "1663114640437"
    }
  },
  "__v": 0
},{
  "_id": {
    "$oid": "63211e12ebdb6a2530d60835"
  },
  "Name": "italian food",
  "DisheUrlImage": "./Assets/images/dishes/italian.svg",
  "type": "Vegitarian",
  "DishDescription": "Basil dough, cashew (butter), demi-glace, bison & radish",
  "TimeToEat": [
    "breakfast",
    "lanch"
  ],
  "RestaurantName": "Nitan Thai",
  "typeIcon": "./Assets/images/spicyIconBG.svg",
  "IsSignatureDish": true,
  "Price": 30,
  "createdAt": {
    "$date": {
      "$numberLong": "1663114770162"
    }
  },
  "updatedAt": {
    "$date": {
      "$numberLong": "1663114770162"
    }
  },
  "__v": 0
},{
  "_id": {
    "$oid": "63211e71ebdb6a2530d60837"
  },
  "Name": "mam food",
  "DisheUrlImage": "./Assets/images/dishes/mamfood.svg",
  "type": "Vegitarian",
  "DishDescription": "Basil dough, cashew (butter), demi-glace, bison & radish",
  "TimeToEat": [
    "breakfast",
    "lanch"
  ],
  "RestaurantName": "Tiger Lilly",
  "typeIcon": "./Assets/images/spicyIconBG.svg",
  "IsSignatureDish": true,
  "Price": 98,
  "createdAt": {
    "$date": {
      "$numberLong": "1663114865658"
    }
  },
  "updatedAt": {
    "$date": {
      "$numberLong": "1663114865658"
    }
  },
  "__v": 0
},{
  "_id": {
    "$oid": "63211ebfebdb6a2530d60839"
  },
  "Name": "red farm",
  "DisheUrlImage": "./Assets/images/dishes/redfarm.svg",
  "type": "Vegitarian",
  "DishDescription": "Basil dough, cashew (butter), demi-glace, bison & radish",
  "TimeToEat": [
    "breakfast",
    "lanch"
  ],
  "RestaurantName": "Ya Pan",
  "typeIcon": "./Assets/images/spicyIconBG.svg",
  "IsSignatureDish": true,
  "Price": 88,
  "createdAt": {
    "$date": {
      "$numberLong": "1663114943664"
    }
  },
  "updatedAt": {
    "$date": {
      "$numberLong": "1663114943664"
    }
  },
  "__v": 0
},{
  "_id": {
    "$oid": "63212033ebdb6a2530d6083b"
  },
  "Name": "good dish",
  "DisheUrlImage": "./Assets/images/dishes/redfarm.svg",
  "type": "Vegitarian",
  "DishDescription": "Basil dough, cashew (butter), demi-glace, bison & radish",
  "TimeToEat": [
    "breakfast",
    "lanch"
  ],
  "RestaurantName": "Claro",
  "typeIcon": "./Assets/images/spicyIconBG.svg",
  "IsSignatureDish": false,
  "Price": 65,
  "createdAt": {
    "$date": {
      "$numberLong": "1663115315690"
    }
  },
  "updatedAt": {
    "$date": {
      "$numberLong": "1663115315690"
    }
  },
  "__v": 0
}]