[{
  "_id": {
    "$oid": "630de0e3d7f0ed6956addf99"
  },
  "Name": "Claro",
  "ImageURL": "./Assets/images/restaurantsImage/claro.svg",
  "ChefName": "Yossi Shitrit",
  "OpeningHours": "12:00",
  "CloseingHour": "24:00",
  "IsFavorite": true,
  "FoundedYear": 2001,
  "location": "noLocationYet",
  "createdAt": {
    "$date": {
      "$numberLong": "1661853923902"
    }
  },
  "updatedAt": {
    "$date": {
      "$numberLong": "1661853923902"
    }
  },
  "__v": 0
},{
  "_id": {
    "$oid": "630de129d7f0ed6956addf9b"
  },
  "Name": "Lumia",
  "ImageURL": "./Assets/images/restaurantsImage/Lumina.svg",
  "ChefName": "Eyal Shani",
  "OpeningHours": "08:00",
  "CloseingHour": "19:00",
  "IsFavorite": true,
  "FoundedYear": 2022,
  "location": "noLocationYet",
  "createdAt": {
    "$date": {
      "$numberLong": "1661853993458"
    }
  },
  "updatedAt": {
    "$date": {
      "$numberLong": "1661853993458"
    }
  },
  "__v": 0
},{
  "_id": {
    "$oid": "630de161d7f0ed6956addf9d"
  },
  "Name": "Kab Kem",
  "ImageURL": "./Assets/images/restaurantsImage/Kabkem.svg",
  "ChefName": "Meir Adoni",
  "OpeningHours": "10:00",
  "CloseingHour": "23:00",
  "IsFavorite": false,
  "FoundedYear": 2020,
  "location": "noLocationYet",
  "createdAt": {
    "$date": {
      "$numberLong": "1661854049944"
    }
  },
  "updatedAt": {
    "$date": {
      "$numberLong": "1661854049944"
    }
  },
  "__v": 0
},{
  "_id": {
    "$oid": "630de197d7f0ed6956addf9f"
  },
  "Name": "Messa",
  "ImageURL": "./Assets/images/restaurantsImage/Messa.svg",
  "ChefName": "Aviv Moshe",
  "OpeningHours": "13:00",
  "CloseingHour": "23:00",
  "IsFavorite": false,
  "FoundedYear": 2015,
  "location": "noLocationYet",
  "createdAt": {
    "$date": {
      "$numberLong": "1661854103839"
    }
  },
  "updatedAt": {
    "$date": {
      "$numberLong": "1661854103839"
    }
  },
  "__v": 0
},{
  "_id": {
    "$oid": "630de1c3d7f0ed6956addfa1"
  },
  "Name": "Nitan Thai",
  "ImageURL": "./Assets/images/restaurantsImage/nithanThai.svg",
  "ChefName": "Asaf Granit",
  "OpeningHours": "13:00",
  "CloseingHour": "23:00",
  "IsFavorite": true,
  "FoundedYear": 2015,
  "location": "noLocationYet",
  "createdAt": {
    "$date": {
      "$numberLong": "1661854147350"
    }
  },
  "updatedAt": {
    "$date": {
      "$numberLong": "1661854147350"
    }
  },
  "__v": 0
},{
  "_id": {
    "$oid": "630de1fcd7f0ed6956addfa3"
  },
  "Name": "Tiger Lilly",
  "ImageURL": "./Assets/images/restaurantsImage/tigerlily.svg",
  "ChefName": "Yossi Shitrit",
  "OpeningHours": "07:00",
  "CloseingHour": "16:00",
  "IsFavorite": true,
  "FoundedYear": 2002,
  "location": "noLocationYet",
  "createdAt": {
    "$date": {
      "$numberLong": "1661854204450"
    }
  },
  "updatedAt": {
    "$date": {
      "$numberLong": "1661854204450"
    }
  },
  "__v": 0
},{
  "_id": {
    "$oid": "630de234d7f0ed6956addfa5"
  },
  "Name": "Ya Pan",
  "ImageURL": "./Assets/images/restaurantsImage/Yapan.svg",
  "ChefName": "Omer Miller",
  "OpeningHours": "11:00",
  "CloseingHour": "22:00",
  "IsFavorite": false,
  "FoundedYear": 1990,
  "location": "noLocationYet",
  "createdAt": {
    "$date": {
      "$numberLong": "1661854260368"
    }
  },
  "updatedAt": {
    "$date": {
      "$numberLong": "1661854260368"
    }
  },
  "__v": 0
}]